# Wave 5 rename manifest. Reviewed as a list, not as a diff.
# old	new	module	collision-group	declared in
LifeBoardActionReceipt	ActionReceipt	Foundation		LifeBoard/Foundation/LifeOSFoundationContracts.swift
LifeBoardActionReceiptStore	ActionReceiptStore	Foundation		LifeBoard/Foundation/LifeOSFoundationContracts.swift
LifeBoardAdaptiveAtmosphere	AdaptiveAtmosphere	Foundation		LifeBoard/Foundation/Design/LifeBoardAtmosphereRenderer.swift
LifeBoardAdaptiveHome	AdaptiveHome	Foundation		LifeBoard/Foundation/Design/LifeBoardFoundationGallery.swift
LifeBoardAppRouter	AppRouter	Foundation		LifeBoard/Foundation/Navigation/LifeBoardAppRouter.swift
FoundationAppearanceSettingsView	AppearanceSettingsView	Foundation		LifeBoard/Foundation/Navigation/FoundationSettingsRoutes.swift
LifeBoardAtmosphereClock	AtmosphereClock	Foundation		LifeBoard/Foundation/Design/LifeBoardAtmosphereRenderer.swift
LifeBoardAtmosphereDescriptor	AtmosphereDescriptor	Foundation		LifeBoard/Foundation/Design/LifeBoardAtmosphereRenderer.swift
LifeBoardAtmosphereHost	AtmosphereHost	Foundation		LifeBoard/Foundation/Design/LifeBoardAtmosphereRenderer.swift
LifeBoardAtmosphereHostedKey	AtmosphereHostedKey	Foundation		LifeBoard/Foundation/Design/LifeBoardAtmosphereRenderer.swift
LifeBoardAtmospherePlacement	AtmospherePlacement	Foundation		LifeBoard/Foundation/Design/LifeBoardAtmosphereRenderer.swift
LifeBoardAtmosphereSnapshot	AtmosphereSnapshot	Foundation		LifeBoard/Foundation/Design/LifeBoardAtmosphereRenderer.swift
LifeBoardAtmosphereSnapshotKey	AtmosphereSnapshotKey	Foundation		LifeBoard/Foundation/Design/LifeBoardAtmosphereRenderer.swift
LifeBoardAtmosphereSnapshotReader	AtmosphereSnapshotReader	Foundation		LifeBoard/Foundation/Navigation/FoundationShellDestinationRoot.swift
LifeBoardAtmosphereView	AtmosphereView	Foundation		LifeBoard/Foundation/Design/LifeBoardAtmosphereRenderer.swift
FoundationCaptureSheet	CaptureSheet	Foundation		LifeBoard/Foundation/Navigation/FoundationCaptureHosts.swift
LifeBoardCelestialPhase	CelestialPhase	Foundation		LifeBoard/Foundation/Design/LifeBoardAtmosphereRenderer.swift
LifeBoardCelestialPhaseFixture	CelestialPhaseFixture	Foundation		LifeBoard/Foundation/Design/LifeBoardAtmosphereRenderer.swift
LifeBoardComposerPreviewCard	ComposerPreviewCard	Foundation		LifeBoard/Foundation/Navigation/HomeCardPlacementSheet.swift
LifeBoardComposerReceiptView	ComposerReceiptView	Foundation		LifeBoard/Foundation/Navigation/HomeCardPlacementSheet.swift
FoundationDayCloseRouteView	DayCloseRouteView	Foundation		LifeBoard/Foundation/Navigation/FoundationPlanRoutes.swift
LifeBoardDaypartResolver	DaypartResolver	Foundation		LifeBoard/Foundation/LifeOSFoundationContracts.swift
LifeBoardDestination	Destination	Foundation		LifeBoard/Foundation/LifeOSFoundationContracts.swift
LifeBoardDestinationRootStorage	DestinationRootStorage	Foundation		LifeBoard/Foundation/Navigation/FoundationShellDestinationRoot.swift
FoundationDisplayPanel	DisplayPanel	Foundation		LifeBoard/Foundation/Navigation/FoundationDisplayPanel.swift
LifeBoardDockLift	DockLift	Foundation		LifeBoard/Foundation/Navigation/FoundationShellModifiers.swift
LifeOSDomainContract	DomainContract	Foundation		LifeBoard/Foundation/LifeOSFoundationContracts.swift
FoundationEntityRouteScaffold	EntityRouteScaffold	Foundation		LifeBoard/Foundation/Navigation/FoundationEntityRouteScaffold.swift
FoundationEvaDestination	EvaDestination	Foundation		LifeBoard/Foundation/Navigation/FoundationEvaDestination.swift
FoundationEvidenceRow	EvidenceRow	Foundation		LifeBoard/Foundation/Navigation/FoundationInsightRows.swift
FoundationFocusSessionRouteView	FocusSessionRouteView	Foundation		LifeBoard/Foundation/Navigation/FoundationPlanRoutes.swift
LifeBoardFoundationPreferenceKey	FoundationPreferenceKey	Foundation		LifeBoard/Foundation/LifeOSFoundationContracts.swift
LifeOSFoundationRuntime	FoundationRuntime	Foundation		LifeBoard/Foundation/Navigation/LifeBoardAppRouter.swift
LifeOSFoundationSchema	FoundationSchema	Foundation		LifeBoard/Foundation/LifeOSFoundationContracts.swift
LifeOSFoundationShell	FoundationShell	Foundation		LifeBoard/Foundation/Navigation/LifeOSFoundationShell.swift
LifeBoardGlassSurfaceModifier	GlassSurfaceModifier	Foundation		LifeBoard/Foundation/Design/LifeBoardAtmosphereRenderer.swift
FoundationGoalRouteView	GoalRouteView	Foundation		LifeBoard/Foundation/Navigation/FoundationTrackRoutes.swift
FoundationHabitCaptureHost	HabitCaptureHost	Foundation		LifeBoard/Foundation/Navigation/FoundationCaptureHosts.swift
FoundationHabitRouteView	HabitRouteView	Foundation		LifeBoard/Foundation/Navigation/FoundationHabitAndTrackerRoutes.swift
SunriseHabitTokens	HabitTokens	LifeBoardDesign		LifeBoard/LifeBoardDesign/Tokens/ClayColorTokens.swift
SunriseHeroArtwork	HeroArtwork	LifeBoardDesign		LifeBoard/LifeBoardDesign/Backgrounds/LBSunriseHeroArtwork.swift
FoundationInsightMetric	InsightMetric	Foundation		LifeBoard/Foundation/Navigation/FoundationInsightRows.swift
FoundationInsightsDestination	InsightsDestination	Foundation		LifeBoard/Foundation/Navigation/FoundationInsightsDestination.swift
LifeBoardInteractionOrigin	InteractionOrigin	Foundation		LifeBoard/Foundation/LifeOSFoundationContracts.swift
LifeBoardInteractionPhase	InteractionPhase	Foundation		LifeBoard/Foundation/LifeOSFoundationContracts.swift
FoundationInteractiveGlassModifier	InteractiveGlassModifier	Foundation		LifeBoard/Foundation/Navigation/FoundationShellModifiers.swift
FoundationJournalDayRouteView	JournalDayRouteView	Foundation		LifeBoard/Foundation/Navigation/FoundationJournalRoutes.swift
LifeBoardJournalMood	JournalMood	Foundation		LifeBoard/Foundation/Design/LifeBoardFoundationGallery.swift
LifeBoardJournalMoodDialSheet	JournalMoodDialSheet	Foundation		LifeBoard/Foundation/Design/LifeBoardFoundationGallery.swift
LifeBoardJournalMoodWheel	JournalMoodWheel	Foundation		LifeBoard/Foundation/Design/LifeBoardFoundationGallery.swift
LifeBoardLaunchHostController	LaunchHostController	SceneDelegate.swift		LifeBoard/SceneDelegate.swift
SunriseMaterialTokens	MaterialTokens	LifeBoardDesign		LifeBoard/LifeBoardDesign/Tokens/ClayColorTokens.swift
LifeBoardMetricKitSubscriber	MetricKitSubscriber	AppDelegate.swift		LifeBoard/AppDelegate.swift
LifeBoardMetricRing	MetricRing	Foundation		LifeBoard/Foundation/Design/LifeBoardAtmosphereRenderer.swift
SunriseMotionTokens	MotionTokens	LifeBoardDesign		LifeBoard/LifeBoardDesign/Tokens/ClayColorTokens.swift
LifeBoardMutationCommand	MutationCommand	Foundation		LifeBoard/Foundation/LifeOSFoundationContracts.swift
LifeBoardMutationCoordinator	MutationCoordinator	Foundation		LifeBoard/Foundation/LifeOSFoundationContracts.swift
LifeBoardMutationCoordinatorError	MutationCoordinatorError	Foundation		LifeBoard/Foundation/LifeOSFoundationContracts.swift
FoundationNoteRouteView	NoteRouteView	Foundation		LifeBoard/Foundation/Navigation/FoundationJournalRoutes.swift
LifeBoardOverlayHost	OverlayHost	Foundation		LifeBoard/Foundation/Design/LifeBoardFoundationGallery.swift
LifeBoardPaperCardModifier	PaperCardModifier	Foundation		LifeBoard/Foundation/Design/LifeBoardAtmosphereRenderer.swift
LifeBoardPaperSection	PaperSection	Foundation		LifeBoard/Foundation/Design/LifeBoardAtmosphereRenderer.swift
LifeBoardPermissionKind	PermissionKind	Foundation		LifeBoard/Foundation/Permissions/LifeBoardPermissionPriming.swift
LifeBoardPermissionPrimingCoordinator	PermissionPrimingCoordinator	Foundation		LifeBoard/Foundation/Permissions/LifeBoardPermissionPriming.swift
LifeBoardPermissionPrimingSheet	PermissionPrimingSheet	Foundation		LifeBoard/Foundation/Permissions/LifeBoardPermissionPrimingSheet.swift
LifeBoardPermissionPrompt	PermissionPrompt	Foundation		LifeBoard/Foundation/Permissions/LifeBoardPermissionPriming.swift
LifeBoardPermissionPromptState	PermissionPromptState	Foundation		LifeBoard/Foundation/Permissions/LifeBoardPermissionPriming.swift
LifeBoardPermissionRecoveryCard	PermissionRecoveryCard	Foundation		LifeBoard/Foundation/Permissions/LifeBoardPermissionPrimingSheet.swift
FoundationPlanRollbackRouteView	PlanRollbackRouteView	Foundation		LifeBoard/Foundation/Navigation/FoundationPlanRoutes.swift
LifeBoardPresentationPreferences	PresentationPreferences	Foundation		LifeBoard/Foundation/LifeOSFoundationContracts.swift
FoundationProjectRouteView	ProjectRouteView	Foundation		LifeBoard/Foundation/Navigation/FoundationProjectRouteView.swift
FoundationRadius	Radius	LifeBoardTokens		Packages/LifeBoardTokens/Sources/LifeBoardTokens/LifeBoardDaypartTokens.swift
LifeBoardRecoveryStatus	RecoveryStatus	Foundation		LifeBoard/Foundation/Persistence/LifeBoardRecoveryStatus.swift
LifeBoardRecoveryStatusService	RecoveryStatusService	Foundation		LifeBoard/Foundation/Persistence/LifeBoardRecoveryStatus.swift
LifeBoardReferenceDashboard	ReferenceDashboard	Foundation		LifeBoard/Foundation/Design/LifeBoardFoundationGallery.swift
LifeBoardRestorationState	RestorationState	Foundation		LifeBoard/Foundation/Navigation/LifeBoardAppRouter.swift
LifeBoardRootRetention	RootRetention	Foundation		LifeBoard/Foundation/Navigation/LifeBoardRootTransition.swift
LifeBoardRootTransition	RootTransition	Foundation		LifeBoard/Foundation/Navigation/LifeBoardRootTransition.swift
FoundationRouteLoadState	RouteLoadState	Foundation		LifeBoard/Foundation/Navigation/FoundationEntityRouteScaffold.swift
FoundationRoutineRouteView	RoutineRouteView	Foundation		LifeBoard/Foundation/Navigation/FoundationTrackRoutes.swift
LifeBoardScenicBackdrop	ScenicBackdrop	Foundation		LifeBoard/Foundation/Design/LifeBoardAtmosphereRenderer.swift
FoundationSettingsDetailRouteView	SettingsDetailRouteView	Foundation		LifeBoard/Foundation/Navigation/FoundationSettingsRoutes.swift
FoundationSettingsRouteView	SettingsRouteView	Foundation		LifeBoard/Foundation/Navigation/FoundationSettingsRoutes.swift
FoundationShellOverlays	ShellOverlays	Foundation		LifeBoard/Foundation/Navigation/FoundationShellModifiers.swift
FoundationShellSheets	ShellSheets	Foundation		LifeBoard/Foundation/Navigation/FoundationShellModifiers.swift
LifeBoardSignatureEffect	SignatureEffect	Foundation		LifeBoard/Foundation/LifeOSFoundationContracts.swift
LifeBoardSpotlightRouteTranslator	SpotlightRouteTranslator	Foundation		LifeBoard/Foundation/Navigation/LifeBoardAppRouter.swift
LifeBoardStableDestinationRoot	StableDestinationRoot	Foundation		LifeBoard/Foundation/Navigation/FoundationShellDestinationRoot.swift
LifeBoardStatusSurface	StatusSurface	Foundation		LifeBoard/Foundation/Design/LifeBoardAtmosphereRenderer.swift
LifeBoardTactileTile	TactileTile	Foundation		LifeBoard/Foundation/Design/LifeBoardAtmosphereRenderer.swift
LifeBoardTactileTileButtonStyle	TactileTileButtonStyle	Foundation		LifeBoard/Foundation/Design/LifeBoardAtmosphereRenderer.swift
FoundationTaskCaptureHost	TaskCaptureHost	Foundation		LifeBoard/Foundation/Navigation/FoundationCaptureHosts.swift
FoundationTaskRouteView	TaskRouteView	Foundation		LifeBoard/Foundation/Navigation/FoundationTaskRouteView.swift
LifeBoardThemeContext	ThemeContext	Foundation		LifeBoard/Foundation/LifeOSFoundationContracts.swift
FoundationThirdPartyNoticesView	ThirdPartyNoticesView	Foundation		LifeBoard/Foundation/Navigation/FoundationSettingsRoutes.swift
FoundationTimeBlockCaptureHost	TimeBlockCaptureHost	Foundation		LifeBoard/Foundation/Navigation/FoundationCaptureHosts.swift
LifeBoardTokenGallery	TokenGallery	Foundation		LifeBoard/Foundation/Design/LifeBoardFoundationGallery.swift
FoundationTrackerRouteView	TrackerRouteView	Foundation		LifeBoard/Foundation/Navigation/FoundationHabitAndTrackerRoutes.swift
LifeBoardTransactionPreview	TransactionPreview	Foundation		LifeBoard/Foundation/LifeOSFoundationContracts.swift
FoundationTypography	Typography	LifeBoardTokens		Packages/LifeBoardTokens/Sources/LifeBoardTokens/LifeBoardDaypartTokens.swift
FoundationUITestSeedGateViewController	UITestSeedGateViewController	SceneDelegate.swift		LifeBoard/SceneDelegate.swift
LifeOSVersionedDomainContract	VersionedDomainContract	Foundation		LifeBoard/Foundation/LifeOSFoundationContracts.swift
LifeBoardVisualFixture	VisualFixture	Foundation		LifeBoard/Foundation/Design/LifeBoardAtmosphereRenderer.swift
LifeBoardVisualFixtureRoot	VisualFixtureRoot	Foundation		LifeBoard/Foundation/Design/LifeBoardAtmosphereRenderer.swift
LifeBoardVisualFixtureState	VisualFixtureState	Foundation		LifeBoard/Foundation/Design/LifeBoardAtmosphereRenderer.swift
LifeBoardVisualFixtureSurface	VisualFixtureSurface	Foundation		LifeBoard/Foundation/Design/LifeBoardAtmosphereRenderer.swift
FoundationWeeklyPlanningWorkspaceRoute	WeeklyPlanningWorkspaceRoute	Foundation		LifeBoard/Foundation/Navigation/FoundationPlanRoutes.swift
FoundationWeeklyReviewRoute	WeeklyReviewRoute	Foundation		LifeBoard/Foundation/Navigation/FoundationPlanRoutes.swift
# Semantic collision-resolution and provider-role wave.
LifeBoardColorTokens	SemanticColorTokens	LifeBoardTokens	ColorTokens	Packages/LifeBoardTokens/Sources/LifeBoardTokens/SemanticColorTokens.swift
LBColorTokens	ClayColorTokens	LifeBoardDesign	ColorTokens	LifeBoard/LifeBoardDesign/Tokens/ClayColorTokens.swift
LifeBoardSpacingTokens	SemanticSpacingTokens	LifeBoardTokens	SpacingTokens	Packages/LifeBoardTokens/Sources/LifeBoardTokens/SemanticSpacingTokens.swift
LBSpacingTokens	ClayLayoutMetrics	LifeBoardDesign	SpacingTokens	LifeBoard/LifeBoardDesign/Tokens/ClayLayoutMetrics.swift
LifeBoardTypographyTokens	SemanticTypographyTokens	LifeBoardTokens	TypographyTokens	Packages/LifeBoardTokens/Sources/LifeBoardTokens/SemanticTypographyTokens.swift
LBTypographyTokens	ClayTypography	LifeBoardDesign	TypographyTokens	LifeBoard/LifeBoardDesign/Tokens/ClayTypography.swift
LifeBoardFilterChip	FilterChip	SharedUI	FilterChip	LifeBoard/Shared/UI/LifeBoardFilterComponents.swift
LBFilterChip	ClayFilterChip	LifeBoardDesign	FilterChip	LifeBoard/LifeBoardDesign/Components/ClayFilterChip.swift
SunriseFilterChip	HomeFilterChipAction	Home	FilterChip	LifeBoard/LifeBoardDesign/HomeScreen.swift
LifeBoardProjectSection	ProjectSectionDefinition	LifeBoardDomain	ProjectSection	Packages/LifeBoardDomain/Sources/LifeBoardDomain/Models_Section.swift
LBRole	ClayRole	LifeBoardDesign	Role	LifeBoard/LifeBoardDesign/Tokens/ClayColorTokens.swift
LifeBoardRootHeader	AppRootHeader	DesignSystem	RootHeader	LifeBoard/DesignSystem/ScreenScaffold.swift
FoundationRootHeader	ScreenRootHeader	Foundation	RootHeader	LifeBoard/Foundation/Navigation/ScreenRootHeader.swift
LBTimelineTemporalState	ClayTimelineTemporalState	LifeBoardDesign	TimelineTemporalState	LifeBoard/LifeBoardDesign/Components/TimelineCard.swift
LifeBoardNormalizedPoint	UnitPoint2D	Foundation	NormalizedPoint	LifeBoard/Foundation/LifeOSFoundationContracts.swift
LifeBoardKnowledgeGraphStore	JournalKnowledgeGraphStoreAdapter	Knowledge	KnowledgeGraphStore	LifeBoard/Features/Knowledge/Data/JournalKnowledgeGraphStoreAdapter.swift
LifeBoardFeedback	HapticFeedback	LifeBoardTokens	Feedback	Packages/LifeBoardTokens/Sources/LifeBoardTokens/MotionAnimations.swift
LifeBoardCard	SurfaceCard	LifeBoardTokens	Card	Packages/LifeBoardTokens/Sources/LifeBoardTokens/SwiftUI+TokenAdapters.swift
LifeBoardTextField	TokenTextField	DesignSystem	TextField	LifeBoard/DesignSystem/UIKit+TokenAdapters.swift
LifeBoardTextFieldStyle	TokenTextFieldStyle	LifeBoardTokens	TextFieldStyle	Packages/LifeBoardTokens/Sources/LifeBoardTokens/SwiftUI+TokenAdapters.swift
LifeBoardTextStyle	TypographyStyle	LifeBoardTokens	TextStyle	Packages/LifeBoardTokens/Sources/LifeBoardTokens/Tokens.swift
SunriseAnchor	HomeScrollAnchor	Home	Anchor	LifeBoard/Features/Home/UI/Shell/HomeSunriseLayoutSupport.swift
HomeContextCandidateProvider	HomeContextCandidateSource	Foundation	provider-role	LifeBoard/Foundation/LifeOSFoundationContracts.swift
HomeCardProvider	HomeCardSource	Foundation	provider-role	LifeBoard/Foundation/LifeOSFoundationContracts.swift
GoalSampleProvider	GoalSampleRepository	Track	provider-role	LifeBoard/Features/Track/Domain/TrackFoundationModels.swift
CoreDataGoalSampleProvider	CoreDataGoalSampleRepository	Track	provider-role	LifeBoard/Features/Track/Data/TrackFoundationPersistence.swift
AppleRemindersProviderProtocol	AppleRemindersRepositoryProtocol	LifeBoardDomain	provider-role	Packages/LifeBoardDomain/Sources/LifeBoardDomain/Interfaces_AppleRemindersRepositoryProtocol.swift
CalendarEventsProviderProtocol	CalendarEventsRepositoryProtocol	LifeBoardDomain	provider-role	Packages/LifeBoardDomain/Sources/LifeBoardDomain/Interfaces_CalendarEventsRepositoryProtocol.swift
EventKitCalendarEventsProvider	EventKitCalendarEventsRepository	LifeBoardCalendar	provider-role	Packages/LifeBoardCalendar/Sources/LifeBoardCalendar/EventKitCalendarEventsRepository.swift
EventKitAppleRemindersProvider	EventKitAppleRemindersRepository	LifeBoardCalendar	provider-role	Packages/LifeBoardCalendar/Sources/LifeBoardCalendar/EventKitAppleRemindersRepository.swift
UITestCalendarEventsProvider	UITestCalendarEventsRepository	Calendar	provider-role	LifeBoard/Features/Calendar/Data/UITestCalendarEventsRepository.swift
LLMAssistantPipelineProvider	LLMAssistantPipelineFactory	Eva	provider-role	LifeBoard/Features/Eva/Models/LLMAssistantPipelineFactory.swift
LLMContextRepositoryProvider	LLMContextRepositoryFactory	Eva	provider-role	LifeBoard/Features/Eva/Models/LLMContextProjectionService.swift
MascotSpriteFrameProvider	MascotSpriteFrameSource	Eva	provider-role	LifeBoard/Features/Eva/Views/Shared/EvaMediaView.swift
